{
    "association_ppi": {
        "hits_1": 0.12277968214397009,
        "hits_10": 0.5730757245247741,
        "hits_3": 0.2742287316921159,
        "hits_5": 0.381738859457775,
        "mrr": 0.2520514160186614
    },
    "decreases_ppi": {
        "hits_1": 0.16216216216216217,
        "hits_10": 0.3858858858858859,
        "hits_3": 0.24324324324324326,
        "hits_5": 0.2957957957957958,
        "mrr": 0.2328962529732952
    },
    "drug_association_protein": {
        "hits_1": 0.09289617486338798,
        "hits_10": 0.33879781420765026,
        "hits_3": 0.22950819672131148,
        "hits_5": 0.2677595628415301,
        "mrr": 0.17690393260199988
    },
    "drug_decreases_protein": {
        "hits_1": 0.0932475884244373,
        "hits_10": 0.18006430868167203,
        "hits_3": 0.13504823151125403,
        "hits_5": 0.15112540192926044,
        "mrr": 0.12753914671974903
    },
    "drug_increases_protein": {
        "hits_1": 0.3878787878787879,
        "hits_10": 0.6363636363636364,
        "hits_3": 0.49696969696969695,
        "hits_5": 0.5575757575757576,
        "mrr": 0.4633564185733874
    },
    "increases_ppi": {
        "hits_1": 0.05958938407611417,
        "hits_10": 0.1757636454682023,
        "hits_3": 0.10165247871807712,
        "hits_5": 0.13169754631947922,
        "mrr": 0.09842745795522788
    },
    "protein_association_drug": {
        "hits_1": 0.34355828220858897,
        "hits_10": 0.6257668711656442,
        "hits_3": 0.5398773006134969,
        "hits_5": 0.5950920245398773,
        "mrr": 0.4502225676831435
    }
}