{
    "A": {
        "hits_1": 0.0,
        "hits_10": 0.07547169811320754,
        "hits_3": 0.05660377358490566,
        "hits_5": 0.05660377358490566,
        "mrr": 0.03615766149863644
    },
    "An": {
        "hits_1": 0.0,
        "hits_10": 0.0,
        "hits_3": 0.0,
        "hits_5": 0.0,
        "mrr": 0.0028507209151700528
    },
    "As": {
        "hits_1": 0.0,
        "hits_10": 0.0,
        "hits_3": 0.0,
        "hits_5": 0.0,
        "mrr": 0.00901548159822008
    },
    "B": {
        "hits_1": 0.03271631510977185,
        "hits_10": 0.13689195006457167,
        "hits_3": 0.06930693069306931,
        "hits_5": 0.09255273353422298,
        "mrr": 0.06666002924412072
    },
    "C": {
        "hits_1": 0.1254355400696864,
        "hits_10": 0.156794425087108,
        "hits_3": 0.1289198606271777,
        "hits_5": 0.13937282229965156,
        "mrr": 0.14500272148974835
    },
    "CC": {
        "hits_1": 0.04441812259401836,
        "hits_10": 0.16079360379034646,
        "hits_3": 0.09209357417826473,
        "hits_5": 0.11726384364820847,
        "mrr": 0.08872630093442707
    },
    "D": {
        "hits_1": 0.07906976744186046,
        "hits_10": 0.22790697674418606,
        "hits_3": 0.12558139534883722,
        "hits_5": 0.16279069767441862,
        "mrr": 0.1306576721667474
    },
    "E": {
        "hits_1": 0.021845742309407043,
        "hits_10": 0.12059741417744092,
        "hits_3": 0.05461435577351761,
        "hits_5": 0.07712884529647793,
        "mrr": 0.056776978932189553
    },
    "GG": {
        "hits_1": 0.08650850706925474,
        "hits_10": 0.22597651569614186,
        "hits_3": 0.1446201773304577,
        "hits_5": 0.17733045770428948,
        "mrr": 0.1353851175302469
    },
    "I": {
        "hits_1": 0.05269761606022585,
        "hits_10": 0.17597239648682558,
        "hits_3": 0.09755332496863237,
        "hits_5": 0.12578419071518193,
        "mrr": 0.09288493906231841
    },
    "J": {
        "hits_1": 0.06074074074074074,
        "hits_10": 0.16,
        "hits_3": 0.09037037037037036,
        "hits_5": 0.11703703703703704,
        "mrr": 0.09608020703268269
    },
    "K": {
        "hits_1": 0.0707070707070707,
        "hits_10": 0.25,
        "hits_3": 0.13131313131313133,
        "hits_5": 0.18181818181818182,
        "mrr": 0.12971354054631562
    },
    "ML": {
        "hits_1": 0.02621815483551818,
        "hits_10": 0.10709868909225823,
        "hits_3": 0.05342567400445214,
        "hits_5": 0.07271827850605986,
        "mrr": 0.055988947876272635
    },
    "Mp": {
        "hits_1": 0.18478260869565216,
        "hits_10": 0.31521739130434784,
        "hits_3": 0.22826086956521738,
        "hits_5": 0.2608695652173913,
        "mrr": 0.2305057229973085
    },
    "N": {
        "hits_1": 0.013888888888888888,
        "hits_10": 0.10119047619047619,
        "hits_3": 0.03968253968253968,
        "hits_5": 0.057539682539682536,
        "mrr": 0.04537132484005243
    },
    "O": {
        "hits_1": 0.09230769230769231,
        "hits_10": 0.25384615384615383,
        "hits_3": 0.15384615384615385,
        "hits_5": 0.19230769230769232,
        "mrr": 0.14609199709607115
    },
    "P": {
        "hits_1": 0.059018367961457395,
        "hits_10": 0.22312556458897922,
        "hits_3": 0.11954230653417645,
        "hits_5": 0.15627822944896116,
        "mrr": 0.11734894582709512
    },
    "Pr": {
        "hits_1": 0.02204928664072633,
        "hits_10": 0.125810635538262,
        "hits_3": 0.05317769130998703,
        "hits_5": 0.07652399481193256,
        "mrr": 0.06049182170759843
    },
    "Q": {
        "hits_1": 0.04222972972972973,
        "hits_10": 0.18609234234234234,
        "hits_3": 0.09938063063063063,
        "hits_5": 0.12978603603603603,
        "mrr": 0.09082114157366479
    },
    "Ra": {
        "hits_1": 0.041025641025641026,
        "hits_10": 0.2725274725274725,
        "hits_3": 0.15457875457875458,
        "hits_5": 0.2,
        "mrr": 0.12269941074871257
    },
    "Rg": {
        "hits_1": 0.047893949112679066,
        "hits_10": 0.150096215522771,
        "hits_3": 0.08402822322001283,
        "hits_5": 0.1098995082317725,
        "mrr": 0.08364546551021272
    },
    "Sa": {
        "hits_1": 0.018317503392130258,
        "hits_10": 0.09497964721845319,
        "hits_3": 0.033921302578018994,
        "hits_5": 0.052917232021709636,
        "mrr": 0.04532351285092175
    },
    "T": {
        "hits_1": 0.022716842588343278,
        "hits_10": 0.12987608994951813,
        "hits_3": 0.0502524093620927,
        "hits_5": 0.07847636530518587,
        "mrr": 0.060496934767350415
    },
    "Te": {
        "hits_1": 0.044274809160305344,
        "hits_10": 0.1633587786259542,
        "hits_3": 0.08091603053435115,
        "hits_5": 0.11145038167938931,
        "mrr": 0.08759886638604539
    },
    "U": {
        "hits_1": 0.07309184993531695,
        "hits_10": 0.23673997412677877,
        "hits_3": 0.13777490297542044,
        "hits_5": 0.17658473479948253,
        "mrr": 0.12854453552583928
    },
    "X": {
        "hits_1": 0.012618296529968454,
        "hits_10": 0.08201892744479496,
        "hits_3": 0.03470031545741325,
        "hits_5": 0.05362776025236593,
        "mrr": 0.03825638910304033
    },
    "Z": {
        "hits_1": 0.19753086419753085,
        "hits_10": 0.38271604938271603,
        "hits_3": 0.2962962962962963,
        "hits_5": 0.32098765432098764,
        "mrr": 0.2589441623545561
    }
}